﻿{"cameraMode":{"drawMode":0,"name":"Shaded","section":"Shading Mode"},"sceneLighting":true,"audioPlay":false,"sceneViewState":{"showFog":true,"showMaterialUpdate":false,"showSkybox":true,"showFlares":true,"showImageEffects":true,"showParticleSystems":true},"in2DMode":false,"pivot":{"x":0.012570081278681755,"y":5.325088977813721,"z":-2.6939868927001955},"rotation":{"x":0.19800977408885957,"y":0.4043860137462616,"z":-0.09013306349515915,"w":0.8883444666862488},"size":9.48982048034668,"orthographic":false}